file,species
0021e90e4.png,Small-flowered Cranesbill
003d61042.png,Fat Hen
007b3da8b.png,Sugar beet
0086a6340.png,Common Chickweed
00c47e980.png,Sugar beet
00d090cde.png,Loose Silky-bent
00ef713a8.png,Common Chickweed
01291174f.png,Common Chickweed
026716f9b.png,Fat Hen
02cfeb38d.png,Loose Silky-bent
03566743d.png,Common Chickweed
03a2ee656.png,Small-flowered Cranesbill
03e322a29.png,Fat Hen
03ef36742.png,Small-flowered Cranesbill
043449b0b.png,Fat Hen
0437393b1.png,Fat Hen
04814f36d.png,Common Chickweed
05341a8a6.png,Common Chickweed
060450d79.png,Common Chickweed
060f1dc84.png,Small-flowered Cranesbill
0625f063b.png,Small-flowered Cranesbill
063363305.png,Small-flowered Cranesbill
06d12f6fa.png,Fat Hen
071cb3ece.png,Fat Hen
0751c0bbc.png,Fat Hen
07e62f903.png,Charlock
085974290.png,Small-flowered Cranesbill
0885e7690.png,Small-flowered Cranesbill
089ad62a7.png,Common Chickweed
08d591441.png,Sugar beet
0911d3dee.png,Common Chickweed
099b961ec.png,Small-flowered Cranesbill
0a64e3e6c.png,Common Chickweed
0ad9e7dfb.png,Sugar beet
0ae6668fa.png,Loose Silky-bent
0bf7bfb05.png,Loose Silky-bent
0c27cf05f.png,Common Chickweed
0c4199daa.png,Black-grass
0c45ace27.png,Small-flowered Cranesbill
0c51bf229.png,Shepherds Purse
0c5f6c493.png,Scentless Mayweed
0caeda5df.png,Small-flowered Cranesbill
0d117d910.png,Common Chickweed
0d31e6602.png,Small-flowered Cranesbill
0dba99002.png,Common Chickweed
0e8492cb1.png,Sugar beet
0ebf8f2f4.png,Shepherds Purse
0ee4ad224.png,Common Chickweed
0f6cbe5e8.png,Shepherds Purse
0fb233ad6.png,Small-flowered Cranesbill
115f93ecc.png,Scentless Mayweed
116b136de.png,Sugar beet
1191ba346.png,Small-flowered Cranesbill
11d3f68ff.png,Loose Silky-bent
122913909.png,Charlock
12625488b.png,Fat Hen
126a71ce0.png,Fat Hen
1312065a5.png,Small-flowered Cranesbill
1364b297a.png,Fat Hen
1376f3b63.png,Black-grass
13b9fa92d.png,Sugar beet
1459e96a0.png,Fat Hen
148bbda66.png,Small-flowered Cranesbill
14bb43eee.png,Common wheat
1541bdb2e.png,Common Chickweed
1623fb9e1.png,Fat Hen
16357b436.png,Scentless Mayweed
16467a950.png,Loose Silky-bent
165681fd9.png,Fat Hen
1694a70e4.png,Scentless Mayweed
16fd2e01a.png,Small-flowered Cranesbill
172f9b10b.png,Common Chickweed
17529c555.png,Small-flowered Cranesbill
1758a1baf.png,Fat Hen
177d7e2a4.png,Common Chickweed
17a78fb44.png,Common wheat
17d5e5ac4.png,Loose Silky-bent
1821eb11a.png,Shepherds Purse
187668bde.png,Common wheat
1926e82fd.png,Loose Silky-bent
19618ad6a.png,Fat Hen
19b51843a.png,Common Chickweed
19e58cc5e.png,Common Chickweed
19fdf19fb.png,Common Chickweed
1b490196c.png,Common Chickweed
1b6a6494d.png,Fat Hen
1be0713da.png,Fat Hen
1bf9b94a6.png,Fat Hen
1c52ea820.png,Fat Hen
1c680883c.png,Common Chickweed
1cfd91582.png,Charlock
1d0cbd819.png,Black-grass
1d321253f.png,Fat Hen
1d48b7564.png,Common Chickweed
1d56351b2.png,Common Chickweed
1dc7c45df.png,Small-flowered Cranesbill
1e095a7e1.png,Fat Hen
1f290e016.png,Shepherds Purse
1f3f44563.png,Charlock
1f5e5554e.png,Fat Hen
1fefb54b7.png,Fat Hen
205df1df3.png,Fat Hen
20817c846.png,Scentless Mayweed
20e562fd5.png,Sugar beet
20ea96bcc.png,Fat Hen
20f983a71.png,Common Chickweed
2126dc71b.png,Common Chickweed
219fd68d5.png,Sugar beet
223e4af09.png,Fat Hen
22e79540f.png,Fat Hen
22fbf13d6.png,Loose Silky-bent
239bdf640.png,Charlock
23bc8ec4f.png,Fat Hen
23e480e64.png,Small-flowered Cranesbill
2406d6c99.png,Common Chickweed
241e6935a.png,Fat Hen
248436078.png,Common Chickweed
24a058589.png,Shepherds Purse
24c94a6ca.png,Fat Hen
24d36c52c.png,Common Chickweed
24d78df74.png,Fat Hen
24dbc3b21.png,Fat Hen
258b1183c.png,Shepherds Purse
25a4c427e.png,Loose Silky-bent
25cf6eb73.png,Shepherds Purse
25fa8d109.png,Common wheat
26852751a.png,Small-flowered Cranesbill
2693e5c65.png,Fat Hen
26e7ae885.png,Shepherds Purse
270b939cf.png,Common Chickweed
279df95f2.png,Common Chickweed
288564c76.png,Fat Hen
29bab7cad.png,Fat Hen
29ce426a1.png,Small-flowered Cranesbill
29f49cd0b.png,Fat Hen
2a5064f19.png,Fat Hen
2a667e099.png,Fat Hen
2b55a2da2.png,Fat Hen
2bd74d2da.png,Common Chickweed
2d5058a59.png,Common Chickweed
2d992d1fb.png,Small-flowered Cranesbill
2d9c798f9.png,Small-flowered Cranesbill
2dd5cfba9.png,Small-flowered Cranesbill
2df78338c.png,Common Chickweed
2e86f1085.png,Common Chickweed
2ea664465.png,Fat Hen
2f0004a7f.png,Common wheat
2f246d688.png,Small-flowered Cranesbill
2ff5cb348.png,Sugar beet
30ad31220.png,Charlock
3185294c8.png,Scentless Mayweed
31f3dd81f.png,Loose Silky-bent
31fcdc161.png,Shepherds Purse
3281183f9.png,Fat Hen
32a8c8a1d.png,Loose Silky-bent
32b42c120.png,Small-flowered Cranesbill
32c86784b.png,Common Chickweed
33317fc2a.png,Fat Hen
33448fe39.png,Loose Silky-bent
33748968f.png,Small-flowered Cranesbill
338c7e907.png,Common Chickweed
34dd57ca9.png,Black-grass
3526b05cc.png,Scentless Mayweed
35a90f8d0.png,Common Chickweed
35cf9fa01.png,Small-flowered Cranesbill
35ebe165c.png,Cleavers
36839d5e9.png,Small-flowered Cranesbill
36d62bf36.png,Fat Hen
36ed4f215.png,Common Chickweed
37297a64c.png,Common Chickweed
37714071b.png,Common Chickweed
377283a21.png,Fat Hen
37c3108d6.png,Common Chickweed
37e545a60.png,Common Chickweed
3827436f3.png,Fat Hen
38c054379.png,Small-flowered Cranesbill
391dcd7fd.png,Loose Silky-bent
39858776a.png,Small-flowered Cranesbill
39b740f7e.png,Common Chickweed
39c8fde99.png,Small-flowered Cranesbill
39d569be4.png,Fat Hen
3a909ead8.png,Small-flowered Cranesbill
3abb502fb.png,Black-grass
3b73c3b61.png,Loose Silky-bent
3bbef3ecb.png,Common Chickweed
3d38a87bc.png,Black-grass
3d65168c2.png,Small-flowered Cranesbill
3d67c434b.png,Fat Hen
3da774107.png,Common wheat
3dd52bd2a.png,Small-flowered Cranesbill
3e9f41817.png,Black-grass
3ebbe9ca4.png,Fat Hen
3eda9cbb6.png,Small-flowered Cranesbill
3edf5e9ef.png,Common wheat
3eebd36c6.png,Fat Hen
3efa1f66c.png,Small-flowered Cranesbill
3f64c2c1b.png,Common wheat
3f826b318.png,Fat Hen
3f92d8039.png,Black-grass
3fbd0fc6a.png,Fat Hen
3fbf1a417.png,Fat Hen
4049a6ea6.png,Loose Silky-bent
406162ef9.png,Small-flowered Cranesbill
406ecb5c5.png,Fat Hen
410e6f702.png,Fat Hen
41e07778c.png,Common Chickweed
41f1c3cdb.png,Common Chickweed
4287d810c.png,Common Chickweed
429211ee6.png,Fat Hen
42e7ed442.png,Shepherds Purse
4392d93cf.png,Common Chickweed
43ede9de9.png,Fat Hen
444473900.png,Fat Hen
446f7da01.png,Loose Silky-bent
44e8b8833.png,Small-flowered Cranesbill
456d507c0.png,Fat Hen
466bb6d3b.png,Shepherds Purse
46c14fde2.png,Loose Silky-bent
47b7d8e17.png,Small-flowered Cranesbill
47f9e5d91.png,Common Chickweed
48231e475.png,Scentless Mayweed
4823c3ffa.png,Fat Hen
486e59179.png,Common Chickweed
48d97c645.png,Small-flowered Cranesbill
48ef6a2ff.png,Fat Hen
490c4f9c8.png,Common Chickweed
4a337a4a9.png,Fat Hen
4ac29bbf0.png,Common Chickweed
4b032563b.png,Common Chickweed
4b155fb07.png,Common Chickweed
4bbf1f6ea.png,Common Chickweed
4bbfd1e05.png,Fat Hen
4bcdaa5e2.png,Shepherds Purse
4c5ab9b68.png,Fat Hen
4c7838de4.png,Common Chickweed
4c8005bbc.png,Fat Hen
4e1190d78.png,Loose Silky-bent
4e18ab737.png,Fat Hen
4e69d100a.png,Small-flowered Cranesbill
4e9d3765f.png,Fat Hen
4ea7493d5.png,Fat Hen
4f44ca525.png,Common Chickweed
4f83143e1.png,Fat Hen
502dff972.png,Common Chickweed
506347cfe.png,Small-flowered Cranesbill
50de8a115.png,Common Chickweed
521b27a17.png,Common Chickweed
523e5505c.png,Common Chickweed
5296835a0.png,Small-flowered Cranesbill
52a87abe5.png,Fat Hen
52dc7a4d6.png,Common Chickweed
5315c2dca.png,Small-flowered Cranesbill
534e74d83.png,Common Chickweed
539961189.png,Fat Hen
53ceb4657.png,Fat Hen
53e6e9000.png,Common Chickweed
54b3afd58.png,Small-flowered Cranesbill
54c8bb900.png,Fat Hen
550a8b7e6.png,Small-flowered Cranesbill
55251925f.png,Fat Hen
558aa7deb.png,Common Chickweed
55920f07f.png,Charlock
55a852f40.png,Common Chickweed
55fed435f.png,Fat Hen
56112b92c.png,Small-flowered Cranesbill
56a01b835.png,Small-flowered Cranesbill
5779fe8b4.png,Fat Hen
5817b766d.png,Common Chickweed
5883b423d.png,Scentless Mayweed
589e643b8.png,Shepherds Purse
590f5aea6.png,Charlock
592473c83.png,Loose Silky-bent
592cc5b89.png,Loose Silky-bent
59358cd44.png,Common Chickweed
593896f83.png,Common Chickweed
599691cd9.png,Small-flowered Cranesbill
599c82eea.png,Small-flowered Cranesbill
59b2c6f2b.png,Fat Hen
59c6a9f95.png,Fat Hen
59e1cea8d.png,Fat Hen
59f62ad1d.png,Small-flowered Cranesbill
5a38ac566.png,Fat Hen
5a6bf96f6.png,Charlock
5af1d74ee.png,Common Chickweed
5b3000b9a.png,Fat Hen
5b3beec58.png,Black-grass
5b63dcc21.png,Common Chickweed
5bbc0a255.png,Common Chickweed
5bc6595f6.png,Fat Hen
5bd71f445.png,Common Chickweed
5bdcfa329.png,Common Chickweed
5c3cd7ea2.png,Shepherds Purse
5ca0205f9.png,Small-flowered Cranesbill
5ca2687a4.png,Fat Hen
5dcad9a53.png,Small-flowered Cranesbill
5e6a237f2.png,Fat Hen
5eb9c26a6.png,Loose Silky-bent
5ee9d0a5b.png,Common Chickweed
5f04aed97.png,Small-flowered Cranesbill
6049234e6.png,Fat Hen
604dd663f.png,Common Chickweed
606647f64.png,Common Chickweed
60ee66ddd.png,Shepherds Purse
60f0bc617.png,Small-flowered Cranesbill
60fea2ef6.png,Common Chickweed
615d2b0a9.png,Fat Hen
618de3d7a.png,Charlock
61b044411.png,Scentless Mayweed
61dd2cdc5.png,Fat Hen
632156793.png,Common Chickweed
63c07d340.png,Fat Hen
647689543.png,Loose Silky-bent
64fe8beb9.png,Fat Hen
653193c1a.png,Common wheat
65489944f.png,Shepherds Purse
659412b1a.png,Loose Silky-bent
65d08b894.png,Fat Hen
65e262a6d.png,Small-flowered Cranesbill
65e97117e.png,Small-flowered Cranesbill
664194d19.png,Common Chickweed
6680836dd.png,Sugar beet
668c1007c.png,Fat Hen
66ab0e8d0.png,Fat Hen
675ec1b0b.png,Small-flowered Cranesbill
67ce3eaa6.png,Common Chickweed
67e185673.png,Small-flowered Cranesbill
686dc7ec8.png,Fat Hen
6908fb540.png,Fat Hen
6982a9d30.png,Fat Hen
699d3c707.png,Sugar beet
69d1669f8.png,Small-flowered Cranesbill
6a41bf95b.png,Common Chickweed
6a47821f9.png,Common Chickweed
6b721f68e.png,Loose Silky-bent
6b9d6f8c9.png,Fat Hen
6ba4ef411.png,Loose Silky-bent
6bce55e05.png,Shepherds Purse
6be169e41.png,Shepherds Purse
6c874918c.png,Small-flowered Cranesbill
6d6eb3830.png,Shepherds Purse
6da892be6.png,Small-flowered Cranesbill
6db684fff.png,Small-flowered Cranesbill
6dd095129.png,Common Chickweed
6df8e31ea.png,Charlock
6edb96d45.png,Fat Hen
6edc76e7c.png,Fat Hen
711b46fba.png,Fat Hen
71334c634.png,Sugar beet
71b232519.png,Fat Hen
71e73a8a0.png,Fat Hen
71f5323c5.png,Small-flowered Cranesbill
721b2c47a.png,Shepherds Purse
721be0a4a.png,Small-flowered Cranesbill
728eabae1.png,Charlock
73260a4ee.png,Fat Hen
74068643d.png,Small-flowered Cranesbill
74d810f87.png,Cleavers
74fd477eb.png,Fat Hen
7506c0c02.png,Scentless Mayweed
752101fdf.png,Small-flowered Cranesbill
754b1adf8.png,Small-flowered Cranesbill
756dd5070.png,Common Chickweed
75cb95e91.png,Shepherds Purse
7615e52d3.png,Small-flowered Cranesbill
76555b064.png,Loose Silky-bent
7691014a1.png,Shepherds Purse
7696badea.png,Small-flowered Cranesbill
76dbd1054.png,Scentless Mayweed
770a265f5.png,Small-flowered Cranesbill
77ccb8b2a.png,Fat Hen
780bd2a2c.png,Sugar beet
780defa2e.png,Shepherds Purse
785a73ab8.png,Common Chickweed
78750e0ff.png,Shepherds Purse
78b1bf91a.png,Fat Hen
78c5fba1d.png,Common Chickweed
79d93bc96.png,Scentless Mayweed
79dafec17.png,Loose Silky-bent
79e5ea8fa.png,Common wheat
79fba50db.png,Common Chickweed
7a38416be.png,Shepherds Purse
7b21ba6ba.png,Fat Hen
7b52585da.png,Loose Silky-bent
7beb2766f.png,Small-flowered Cranesbill
7c85b0265.png,Loose Silky-bent
7cabd68cc.png,Loose Silky-bent
7d22abf91.png,Sugar beet
7d3045fc3.png,Sugar beet
7d4cd07ad.png,Common Chickweed
7e9cf1c46.png,Fat Hen
7f31c7f42.png,Fat Hen
7f46a71db.png,Sugar beet
7f9e9565d.png,Scentless Mayweed
7fdb7202d.png,Fat Hen
800a8c17e.png,Small-flowered Cranesbill
808578ed5.png,Charlock
808cf55c6.png,Fat Hen
809eb0b82.png,Shepherds Purse
80e299ae9.png,Shepherds Purse
8104422bb.png,Common Chickweed
8170d33c1.png,Fat Hen
824f5d4e5.png,Fat Hen
827279bad.png,Common Chickweed
82b5f4d33.png,Fat Hen
8301b0547.png,Fat Hen
8303b27ed.png,Loose Silky-bent
8311740de.png,Fat Hen
835dc5447.png,Small-flowered Cranesbill
837ac0270.png,Common Chickweed
8455169fe.png,Common wheat
851c90831.png,Fat Hen
85431c075.png,Loose Silky-bent
855955aaf.png,Fat Hen
856f2910a.png,Small-flowered Cranesbill
8585f9718.png,Fat Hen
862b8e7a0.png,Fat Hen
86676d627.png,Common Chickweed
866be78b0.png,Common Chickweed
86c309150.png,Fat Hen
86f08e6d1.png,Fat Hen
87608f7aa.png,Shepherds Purse
87f627bf9.png,Common Chickweed
8874bba69.png,Black-grass
88ac6df54.png,Loose Silky-bent
88d8a4508.png,Fat Hen
8916793ce.png,Shepherds Purse
892e9d6c6.png,Common Chickweed
897e5a8de.png,Fat Hen
8a30b2de3.png,Sugar beet
8a32d0bfa.png,Shepherds Purse
8a4d3a1b1.png,Loose Silky-bent
8a8d6c712.png,Cleavers
8ab8a958b.png,Fat Hen
8b043093d.png,Small-flowered Cranesbill
8b27bfd2b.png,Small-flowered Cranesbill
8b9144917.png,Fat Hen
8bc0261c9.png,Loose Silky-bent
8c98a6e9b.png,Fat Hen
8c9953903.png,Fat Hen
8ca6140ca.png,Common Chickweed
8cf2e3e6c.png,Common Chickweed
8cf909eb3.png,Charlock
8cfd98117.png,Small-flowered Cranesbill
8d6991365.png,Black-grass
8d6acbe9b.png,Common Chickweed
8db450ce3.png,Fat Hen
8dbb8e1b9.png,Charlock
8e29abce1.png,Common Chickweed
8e2e5604e.png,Common Chickweed
8e3ed0a25.png,Small-flowered Cranesbill
8e4eaeec0.png,Common Chickweed
8e6ec1ca6.png,Small-flowered Cranesbill
8ece6efec.png,Fat Hen
8f523520c.png,Small-flowered Cranesbill
8faadb6a8.png,Sugar beet
90b595f12.png,Common Chickweed
90d119d25.png,Loose Silky-bent
91e469b4a.png,Shepherds Purse
92292055d.png,Shepherds Purse
93079d970.png,Fat Hen
9326bda1b.png,Fat Hen
93d76fd5d.png,Small-flowered Cranesbill
948cdb277.png,Small-flowered Cranesbill
9516e56c4.png,Fat Hen
953496deb.png,Fat Hen
958bb9e96.png,Small-flowered Cranesbill
963544aa0.png,Small-flowered Cranesbill
9643fc5f4.png,Shepherds Purse
966ae5ad9.png,Black-grass
969a851be.png,Common Chickweed
96ecad7a1.png,Small-flowered Cranesbill
96f14d90c.png,Sugar beet
974959ec1.png,Common wheat
976e4e079.png,Common Chickweed
97844bfd5.png,Shepherds Purse
97b2f0a10.png,Small-flowered Cranesbill
98062cd87.png,Fat Hen
98d819587.png,Small-flowered Cranesbill
98da6ef4e.png,Sugar beet
99036c51d.png,Loose Silky-bent
99569b224.png,Small-flowered Cranesbill
995c7ab1e.png,Common wheat
9a3f20121.png,Loose Silky-bent
9aa5587fe.png,Small-flowered Cranesbill
9b4800b42.png,Small-flowered Cranesbill
9b9911f20.png,Fat Hen
9baf94467.png,Fat Hen
9c0c5b731.png,Black-grass
9c32a797e.png,Fat Hen
9c777333d.png,Fat Hen
9c8b08a24.png,Loose Silky-bent
9cce7328c.png,Small-flowered Cranesbill
9d3cb4745.png,Fat Hen
9d79a1f0c.png,Fat Hen
9df3275da.png,Common Chickweed
9fab816f2.png,Fat Hen
a006a475c.png,Common Chickweed
a060c1cf8.png,Charlock
a0b393945.png,Small-flowered Cranesbill
a0f37c726.png,Small-flowered Cranesbill
a169b71e7.png,Charlock
a19c3faca.png,Common Chickweed
a1da8be3c.png,Charlock
a1e0a6c02.png,Shepherds Purse
a254d71f6.png,Fat Hen
a276c65f7.png,Black-grass
a2b703e21.png,Small-flowered Cranesbill
a2c89c367.png,Shepherds Purse
a2d25b4f3.png,Common Chickweed
a35fd6fbb.png,Common Chickweed
a38b8a581.png,Small-flowered Cranesbill
a3b375b34.png,Loose Silky-bent
a3d0031fd.png,Small-flowered Cranesbill
a4b61a4ea.png,Loose Silky-bent
a544fc46d.png,Fat Hen
a55d26a4c.png,Small-flowered Cranesbill
a5db42f7d.png,Charlock
a74bf916d.png,Common Chickweed
a74d475c2.png,Fat Hen
a7bd7cadb.png,Common Chickweed
a800caead.png,Sugar beet
a83820a2c.png,Sugar beet
a8388a37f.png,Fat Hen
a85b48a95.png,Scentless Mayweed
a85fc8c9a.png,Small-flowered Cranesbill
a890ac088.png,Cleavers
a8b431a3e.png,Fat Hen
a8c8a1db0.png,Shepherds Purse
a8da9c08d.png,Small-flowered Cranesbill
a8de7c1b7.png,Loose Silky-bent
a935ca110.png,Common wheat
a93f940d6.png,Small-flowered Cranesbill
a9d2eab61.png,Fat Hen
aa7d098d1.png,Fat Hen
aad8375e0.png,Shepherds Purse
aaf4da98f.png,Sugar beet
ab0f67743.png,Common Chickweed
ab35453cb.png,Fat Hen
abc331628.png,Fat Hen
abf8b0772.png,Scentless Mayweed
ac3193f78.png,Shepherds Purse
ac75d3326.png,Small-flowered Cranesbill
acdb75e00.png,Loose Silky-bent
ace8761dd.png,Shepherds Purse
ad12382d4.png,Black-grass
adb7a032c.png,Loose Silky-bent
ae90f2827.png,Common Chickweed
aecfaed64.png,Common Chickweed
aee6fa3df.png,Loose Silky-bent
af45e222a.png,Shepherds Purse
afa446484.png,Small-flowered Cranesbill
afcf6abd5.png,Small-flowered Cranesbill
b026bf8ca.png,Loose Silky-bent
b03397525.png,Common Chickweed
b0acaff4a.png,Fat Hen
b130a0632.png,Small-flowered Cranesbill
b145ba9d4.png,Sugar beet
b1cd2a91e.png,Small-flowered Cranesbill
b215531dd.png,Small-flowered Cranesbill
b2706e2b3.png,Common Chickweed
b29339405.png,Fat Hen
b30ab4659.png,Cleavers
b31292706.png,Common Chickweed
b341d0aab.png,Fat Hen
b39c71707.png,Common Chickweed
b3d6fdb80.png,Shepherds Purse
b3e08b037.png,Fat Hen
b47691c08.png,Scentless Mayweed
b4c3df835.png,Fat Hen
b4f7c9214.png,Black-grass
b573b7a56.png,Loose Silky-bent
b5c7fd009.png,Black-grass
b62dca166.png,Fat Hen
b687160f5.png,Fat Hen
b6a3f7876.png,Loose Silky-bent
b6f3d8b5d.png,Small-flowered Cranesbill
b7192c70f.png,Fat Hen
b7a7f6390.png,Small-flowered Cranesbill
b7ad92859.png,Shepherds Purse
b828443ff.png,Shepherds Purse
b9062c1c8.png,Fat Hen
b944a49ca.png,Loose Silky-bent
b98327bf4.png,Scentless Mayweed
ba3ce6b3e.png,Sugar beet
bb1c84bbc.png,Loose Silky-bent
bb1d1bfd3.png,Shepherds Purse
bb20fce02.png,Shepherds Purse
bb64660b7.png,Sugar beet
bb7621cb3.png,Fat Hen
bd72d4d8a.png,Small-flowered Cranesbill
bd789d151.png,Common Chickweed
bdde957ec.png,Shepherds Purse
be2499cf4.png,Loose Silky-bent
be341dbdc.png,Loose Silky-bent
bea23d9f8.png,Shepherds Purse
bebcaab66.png,Fat Hen
beebe5f4e.png,Fat Hen
bf3924a57.png,Common Chickweed
bf66b9cd2.png,Fat Hen
bfab3e3d0.png,Fat Hen
bffc08672.png,Sugar beet
c0461776c.png,Common Chickweed
c069fc3fa.png,Fat Hen
c06e7c748.png,Common Chickweed
c0bc3997b.png,Shepherds Purse
c0d9e170b.png,Small-flowered Cranesbill
c0f5d9ac8.png,Small-flowered Cranesbill
c10ccbd82.png,Fat Hen
c10db7ae2.png,Shepherds Purse
c1ecff98b.png,Loose Silky-bent
c26ccf73c.png,Common Chickweed
c2de6020a.png,Small-flowered Cranesbill
c35efa095.png,Sugar beet
c4ed8ed38.png,Common Chickweed
c50335991.png,Fat Hen
c5078bac5.png,Black-grass
c5e419015.png,Shepherds Purse
c5e88cd42.png,Common Chickweed
c60e91e07.png,Loose Silky-bent
c63da993b.png,Common Chickweed
c64370a72.png,Sugar beet
c6b76307d.png,Small-flowered Cranesbill
c6c8d4ba0.png,Common Chickweed
c7051c902.png,Common Chickweed
c74c5b7fc.png,Small-flowered Cranesbill
c75a82234.png,Scentless Mayweed
c7ae30f3a.png,Common Chickweed
c7b07431e.png,Scentless Mayweed
c7eb96871.png,Common Chickweed
c832e4302.png,Fat Hen
c85ef220d.png,Common Chickweed
c88ebfb47.png,Small-flowered Cranesbill
c8f50f0c3.png,Common wheat
caa2fbd79.png,Shepherds Purse
cadab6616.png,Common Chickweed
cae684f8f.png,Fat Hen
cb496f36e.png,Small-flowered Cranesbill
cb76a7766.png,Fat Hen
cbba27d89.png,Charlock
cbe761896.png,Charlock
cc3d2a59a.png,Common Chickweed
cc74feadc.png,Charlock
cd5f0db1c.png,Small-flowered Cranesbill
cd6adba97.png,Small-flowered Cranesbill
ce15eee52.png,Fat Hen
ce3d280eb.png,Common Chickweed
ce42adffb.png,Black-grass
cec5bf198.png,Shepherds Purse
cf3a8b2fd.png,Loose Silky-bent
cf46d09c5.png,Common Chickweed
cf90fc52d.png,Fat Hen
cfb18d262.png,Small-flowered Cranesbill
cfd8165e9.png,Small-flowered Cranesbill
d0152bd7c.png,Fat Hen
d01873fdd.png,Small-flowered Cranesbill
d09275360.png,Sugar beet
d09d24c58.png,Black-grass
d0cdc768f.png,Common wheat
d102e1a15.png,Fat Hen
d14aa43f3.png,Small-flowered Cranesbill
d17f48d3b.png,Common Chickweed
d2f0f326e.png,Fat Hen
d2f422ccb.png,Small-flowered Cranesbill
d2fd9df40.png,Common Chickweed
d3331e071.png,Fat Hen
d350a25fa.png,Common Chickweed
d41d87796.png,Scentless Mayweed
d488a4fe1.png,Fat Hen
d515398fd.png,Common wheat
d563be369.png,Fat Hen
d5f7dd60a.png,Black-grass
d668409ff.png,Fat Hen
d689256be.png,Common wheat
d6c8c3c48.png,Fat Hen
d6d31dcbe.png,Scentless Mayweed
d6d80a321.png,Common Chickweed
d7017f701.png,Fat Hen
d84d37a61.png,Fat Hen
d89db156f.png,Small-flowered Cranesbill
d8f4923f8.png,Shepherds Purse
d93c7ab6d.png,Loose Silky-bent
d9c50616e.png,Sugar beet
da231c97f.png,Sugar beet
da4ed3a28.png,Small-flowered Cranesbill
da5255450.png,Small-flowered Cranesbill
da713c465.png,Black-grass
da9ef7858.png,Shepherds Purse
dabe3e5be.png,Small-flowered Cranesbill
dabea05f4.png,Loose Silky-bent
dc4cd56a3.png,Common Chickweed
dc55449b2.png,Sugar beet
dcd7ff249.png,Shepherds Purse
dce2f6612.png,Common Chickweed
dd5ec63d9.png,Sugar beet
dd9f36df7.png,Small-flowered Cranesbill
de0b79659.png,Fat Hen
df11d56a7.png,Fat Hen
df521c0c0.png,Small-flowered Cranesbill
df7cb5f87.png,Fat Hen
dfb1d9012.png,Loose Silky-bent
e0ec5b6a1.png,Common Chickweed
e14afa235.png,Small-flowered Cranesbill
e15472085.png,Common Chickweed
e15fce4f2.png,Common Chickweed
e1809cef2.png,Small-flowered Cranesbill
e19673dc9.png,Common Chickweed
e19ad6ac9.png,Charlock
e1a0e3202.png,Loose Silky-bent
e1abb4ff9.png,Fat Hen
e3f50adfc.png,Shepherds Purse
e471f1d3a.png,Small-flowered Cranesbill
e478c452c.png,Fat Hen
e4a76885b.png,Charlock
e4d5ec761.png,Common Chickweed
e5064f6be.png,Sugar beet
e52493d0b.png,Fat Hen
e5297b675.png,Loose Silky-bent
e5368474f.png,Common Chickweed
e5881dd33.png,Fat Hen
e5e3dccff.png,Fat Hen
e6f1211a2.png,Fat Hen
e7077322d.png,Common Chickweed
e721c6ac8.png,Black-grass
e73e308be.png,Fat Hen
e783f5a4f.png,Fat Hen
e80a259c5.png,Small-flowered Cranesbill
e82017baa.png,Small-flowered Cranesbill
e84464f5a.png,Shepherds Purse
e88bf0db9.png,Fat Hen
e901b0f28.png,Fat Hen
e921021a8.png,Fat Hen
e96e57a90.png,Common Chickweed
e98e5d1d5.png,Loose Silky-bent
e9cd91682.png,Common Chickweed
e9d48d664.png,Small-flowered Cranesbill
eaf0815e2.png,Small-flowered Cranesbill
ec08a5d56.png,Common Chickweed
ede6b84b4.png,Cleavers
edfdb4aeb.png,Loose Silky-bent
eec1079a1.png,Fat Hen
eef131644.png,Loose Silky-bent
ef02b4ee7.png,Sugar beet
ef3e232ad.png,Common Chickweed
ef65533d5.png,Fat Hen
ef74dbcad.png,Shepherds Purse
ef7a5651d.png,Common Chickweed
ef9676433.png,Small-flowered Cranesbill
efe19dc32.png,Charlock
f0ffa00bd.png,Sugar beet
f1e87cba7.png,Loose Silky-bent
f1f7c833f.png,Shepherds Purse
f23faf9c1.png,Scentless Mayweed
f25996db8.png,Small-flowered Cranesbill
f2dc546ca.png,Fat Hen
f33e9d918.png,Small-flowered Cranesbill
f351ce097.png,Loose Silky-bent
f3fcfff1b.png,Small-flowered Cranesbill
f4021df6c.png,Common Chickweed
f4234cf4f.png,Fat Hen
f445fe6fb.png,Small-flowered Cranesbill
f48916a8c.png,Fat Hen
f4ad9d950.png,Sugar beet
f4caf74f9.png,Fat Hen
f4e7733d4.png,Small-flowered Cranesbill
f593c9cf0.png,Fat Hen
f66ae4070.png,Charlock
f6d250856.png,Small-flowered Cranesbill
f8318faf1.png,Common Chickweed
f85ed9b6d.png,Cleavers
f9b6bfb00.png,Shepherds Purse
f9ea23fb5.png,Fat Hen
f9f35cbd4.png,Common Chickweed
fa5fd1384.png,Shepherds Purse
fa9f3a8f9.png,Cleavers
fadc6adbc.png,Common wheat
fb022edf9.png,Fat Hen
fba8fc78a.png,Black-grass
fbf88b6be.png,Fat Hen
fc3e58836.png,Fat Hen
fc6f686fb.png,Fat Hen
fd253a74e.png,Fat Hen
fd87b36ae.png,Black-grass
fd925f542.png,Common Chickweed
fda0b5c38.png,Fat Hen
fda39e16f.png,Common wheat
fdea6b119.png,Fat Hen
fe29629fb.png,Black-grass
fe9e87b78.png,Fat Hen
fea1d13d6.png,Common Chickweed
fea355851.png,Loose Silky-bent
fea3da57c.png,Sugar beet
fef2ade8c.png,Sugar beet
ff65bc002.png,Fat Hen
ffc6f8527.png,Black-grass
